GCCSA_CODE_2021,Preschool_M,Preschool_F,Preschool_P,Primary_Government_M,Primary_Government_F,Primary_Government_P,Primary_Catholic_M,Primary_Catholic_F,Primary_Catholic_P,Primry_Othr_non_Govt_M,Primry_Othr_non_Govt_F,Primry_Othr_non_Govt_P,Primary_Tot_Primary_M,Primary_Tot_Primary_F,Primary_Tot_Primary_P,Secondary_Government_M,Secondary_Government_F,Secondary_Government_P,Secondary_Catholic_M,Secondary_Catholic_F,Secondary_Catholic_P,Secondary_Other_non_Govt_M,Secondary_Other_non_Govt_F,Secondary_Other_non_Govt_P,Secondary_Tot_Secondary_M,Secondary_Tot_Secondary_F,Secondary_Tot_Secondary_P,Tert_Voc_edu_Ft_15_24_M,Tert_Voc_edu_Ft_15_24_F,Tert_Voc_edu_Ft_15_24_P,Tert_Voc_edu_Ft_25_ov_M,Tert_Voc_edu_Ft_25_ov_F,Tert_Voc_edu_Ft_25_ov_P,Tert_Voc_edu_Pt_15_24_M,Tert_Voc_edu_Pt_15_24_F,Tert_Voc_edu_Pt_15_24_P,Tert_Voc_edu_Pt_25_ov_M,Tert_Voc_edu_Pt_25_ov_F,Tert_Voc_edu_Pt_25_ov_P,Tert_Voc_edu_F_Pt_ns_M,Tert_Voc_edu_F_Pt_ns_F,Tert_Voc_edu_F_Pt_ns_P,Tert_Voc_edu_Tot_M,Tert_Voc_edu_Tot_F,Tert_Voc_edu_Tot_P,Tert_Uni_oth_h_edu_Ft_15_24_M,Tert_Uni_oth_h_edu_Ft_15_24_F,Tert_Uni_oth_h_edu_Ft_15_24_P,Tert_Uni_oth_h_edu_Ft_25_ov_M,Tert_Uni_oth_h_edu_Ft_25_ov_F,Tert_Uni_oth_h_edu_Ft_25_ov_P,Tert_Uni_oth_h_edu_Pt_15_24_M,Tert_Uni_oth_h_edu_Pt_15_24_F,Tert_Uni_oth_h_edu_Pt_15_24_P,Tert_Uni_oth_h_edu_Pt_25_ov_M,Tert_Uni_oth_h_edu_Pt_25_ov_F,Tert_Uni_oth_h_edu_Pt_25_ov_P,Tert_Uni_oth_h_edu_F_Pt_ns_M,Tert_Uni_oth_h_edu_F_Pt_ns_F,Tert_Uni_oth_h_edu_F_Pt_ns_P,Tert_Uni_other_high_edu_Tot_M,Tert_Uni_other_high_edu_Tot_F,Tert_Uni_other_high_edu_Tot_P,Tert_Tot_Tert_M,Tert_Tot_Tert_F,Tert_Tot_Tert_P,Othr_typ_educ_inst_Ft_stud_M,Othr_typ_educ_inst_Ft_stud_F,Othr_typ_educ_inst_Ft_stud_P,Othr_typ_educ_inst_Pt_stud_M,Othr_typ_educ_inst_Pt_stud_F,Othr_typ_educ_inst_Pt_stud_P,Oth_typ_ed_instit_F_Pt_ns_M,Oth_typ_ed_instit_F_Pt_ns_F,Oth_typ_ed_instit_F_Pt_ns_P,Other_type_educ_instit_Tot_M,Other_type_educ_instit_Tot_F,Other_type_educ_instit_Tot_P,Type_educanl_institution_ns_M,Type_educanl_institution_ns_F,Type_educanl_institution_ns_P,Tot_M,Tot_F,Tot_P
1GSYD,56934,51574,108505,150726,140417,291148,40549,40154,80701,27791,27113,54908,219467,208040,427508,94406,89467,183872,42924,42894,85818,34821,34157,68980,172448,166776,339220,9559,9686,19240,11936,17456,29388,19137,9556,28695,23107,36785,59890,269,258,523,64012,73730,137739,71182,82998,154180,25190,29773,54966,9758,11134,20889,22946,35031,57980,354,363,711,129427,159300,288727,193824,233457,427287,11872,11510,23378,14786,20051,34841,309,270,577,26965,31829,58789,137239,132507,269743,806869,824177,1631054
1RNSW,30481,28137,58613,79607,74002,153604,23640,23113,46751,11579,11352,22934,114962,108600,223560,54329,52044,106376,19687,20644,40330,12709,13170,25881,86799,85947,172748,3582,4148,7731,2923,5298,8228,12888,8435,21326,11405,20588,31991,196,172,371,30997,38637,69642,13472,21043,34515,6071,9604,15674,2752,4705,7462,9002,19186,28189,89,123,212,31386,54665,86050,62475,93395,155871,2370,2395,4771,3721,6733,10450,135,120,258,6223,9244,15470,100063,91700,191769,401007,417025,818035
19499,37,31,72,109,126,237,14,12,30,20,17,36,146,161,310,73,93,167,15,15,34,19,8,29,107,124,229,13,16,31,11,34,46,16,20,31,38,54,96,0,0,0,84,123,205,37,60,96,25,50,74,10,7,17,23,44,67,0,0,3,97,158,254,176,286,459,14,19,31,14,24,37,0,0,0,28,43,68,2245,1516,3758,2746,2157,4898
19799,0,0,0,0,0,0,0,0,0,0,0,0,0,0,0,0,0,0,0,0,0,0,0,0,0,0,0,0,0,0,0,0,0,0,0,0,0,0,0,0,0,0,0,0,0,0,0,0,0,0,0,0,0,0,0,0,0,0,0,0,0,0,0,0,0,0,0,0,0,0,0,0,0,0,0,0,0,0,0,0,0,0,0,0
2GMEL,56282,51519,107797,141710,131630,273337,38323,37359,75677,23235,24209,47445,203585,193470,397053,91638,84687,176329,34133,35108,69238,33871,34888,68761,159876,154900,314772,12149,10599,22751,12069,16200,28269,15090,6786,21868,19840,28317,48159,244,180,427,59398,62084,121479,67849,81917,149764,25968,32252,58221,8032,9725,17755,21438,35462,56898,297,328,629,123581,159688,283275,183288,222060,405351,11491,11061,22551,14511,21313,35816,285,276,564,26283,32655,58929,117884,113217,231108,747189,767821,1515011
2RVIC,16484,15148,31630,42089,38836,80935,15580,15556,31139,5459,5261,10722,63191,59707,122899,27651,26335,53982,13219,14087,27305,7954,7968,15923,48855,48421,97279,2226,2694,4928,1709,3313,5027,5935,3518,9450,5286,8822,14108,119,92,216,15284,18438,33727,6490,10675,17158,2905,5233,8131,1063,1958,3025,4119,9863,13984,54,86,140,14637,27812,42445,29961,46304,76267,1884,1689,3564,2693,4580,7264,118,99,219,4688,6363,11053,55243,50983,106221,218421,226918,445339
29499,45,31,78,137,129,266,10,10,20,9,11,18,155,154,303,63,78,137,6,4,17,3,14,14,73,97,172,12,26,36,6,29,37,13,4,20,24,27,52,4,0,3,54,92,146,39,50,90,23,41,69,5,20,21,22,42,64,0,0,0,91,152,244,148,246,391,13,11,25,17,25,39,0,0,0,27,40,71,2220,1366,3584,2670,1932,4600
29799,0,0,0,0,0,0,0,0,0,0,0,0,0,0,0,0,0,0,0,0,0,0,0,0,0,0,0,0,0,0,0,0,0,0,0,0,0,0,0,0,0,0,0,0,0,0,0,0,0,0,0,0,0,0,0,0,0,0,0,0,0,0,0,0,0,0,0,0,0,0,0,0,0,0,0,0,0,0,25,3,29,25,3,29
3GBRI,23450,21511,44957,76730,73285,150019,19770,19025,38796,13011,12612,25626,109686,105114,214799,52873,49767,102637,19886,18426,38314,17580,18148,35728,90490,86479,176965,4481,4581,9057,4819,7866,12689,5806,4748,10553,9405,16284,25693,97,101,198,24610,33577,58186,28850,37443,66295,11994,16045,28046,4541,6178,10719,12409,21199,33604,90,113,205,57887,80985,138872,82604,114677,197281,4423,4536,8960,6373,9637,16004,99,116,219,10894,14294,25187,66624,58938,125563,383744,401013,784755
3RQLD,20586,18923,39504,73015,68613,141632,20573,20118,40690,14070,14056,28125,107826,102963,210789,54726,51905,106627,17037,17626,34666,17108,16723,33831,88981,86372,175353,3470,3186,6656,3420,5438,8855,6038,4949,10991,8415,16643,25058,116,124,239,21460,30340,51796,11842,20378,32223,6529,11629,18153,2753,4813,7572,8330,18200,26533,78,103,184,29537,55129,84667,51070,85581,136652,3253,3378,6632,5923,9286,15210,111,130,236,9289,12795,22082,106339,90445,196780,384085,397069,781152
39499,39,35,76,196,200,400,12,6,26,43,53,97,257,265,518,94,100,197,14,16,32,31,32,60,142,144,293,13,14,28,24,38,65,9,20,26,37,74,113,0,9,9,77,154,238,28,47,79,29,34,63,5,19,28,31,50,74,0,0,0,92,148,239,177,303,483,34,28,66,19,29,55,0,0,0,54,66,114,2143,1446,3582,2806,2251,5060
39799,0,0,0,0,0,0,0,0,0,0,0,0,0,0,0,0,0,0,0,0,0,0,0,0,0,0,0,0,0,0,0,0,0,0,0,0,0,0,0,0,0,0,0,0,0,0,0,0,0,0,0,0,0,0,0,0,0,0,0,0,0,0,0,0,0,0,0,0,0,0,0,0,0,0,0,0,0,0,115,24,137,115,25,136
4GADE,11719,10786,22500,39876,36753,76623,11211,10836,22051,9396,9277,18670,60561,56949,117510,21352,19940,41289,9800,10035,19832,10122,10251,20372,41309,40275,81582,2447,1901,4347,2799,4117,6912,3353,2220,5576,5810,8709,14520,75,61,136,14486,17009,31492,16946,21590,38536,7589,9623,17213,2158,2770,4925,6079,10374,16452,72,79,146,32844,44431,77275,47385,61518,108906,2032,2117,4147,3228,4768,7997,73,68,139,5327,6949,12282,27673,25949,53622,193965,202423,396390
4RSAU,2704,2607,5307,11992,11187,23181,2268,2224,4490,2203,2220,4424,16485,15644,32128,7849,7410,15267,1234,1297,2529,1578,1673,3248,10672,10392,21062,260,329,583,233,559,796,1045,701,1747,1092,2070,3161,24,27,54,2658,3684,6344,566,1381,1948,312,872,1190,140,356,491,552,1716,2269,5,14,20,1575,4343,5921,4241,8028,12269,256,294,552,437,913,1350,21,25,47,720,1232,1952,15742,12637,28380,50564,50540,101104
49499,13,13,31,60,64,122,11,8,17,9,8,17,77,80,156,26,61,87,3,3,4,8,15,21,38,70,111,8,3,6,5,8,14,3,4,10,12,12,20,0,0,0,22,25,50,13,7,16,7,10,16,0,8,8,11,13,19,0,0,0,26,40,71,49,66,117,6,7,16,13,11,20,0,0,0,19,15,35,496,314,814,694,564,1263
49799,0,0,0,0,0,0,0,0,0,0,0,0,0,0,0,0,0,0,0,0,0,0,0,0,0,0,0,0,0,0,0,0,0,0,0,0,0,0,0,0,0,0,0,0,0,0,0,0,0,0,0,0,0,0,0,0,0,0,0,0,0,0,0,0,0,0,0,0,0,0,0,0,0,0,0,0,0,0,5,0,5,4,0,4
5GPER,19258,17696,36950,64084,60099,124182,14594,14510,29111,12464,12339,24803,91288,87115,178400,41628,38662,80293,15253,15012,30261,16294,15915,32214,73256,69686,142947,4910,4619,9529,3932,6637,10571,6250,3632,9882,6992,12073,19062,97,90,184,22177,27052,49233,22430,28806,51234,8964,11892,20860,3756,4728,8480,8837,14629,23467,104,126,227,44088,60179,104270,66394,87359,153748,3174,3454,6623,5340,8301,13637,100,97,198,8612,11850,20456,59947,47060,107003,318748,320758,639509
5RWAU,4300,4157,8461,16510,15182,31697,3841,3718,7561,2336,2252,4590,22724,21194,43915,11281,10708,21991,2963,3192,6156,2169,2436,4609,16431,16357,32786,727,696,1426,386,826,1219,1771,1079,2848,1569,3432,5005,34,24,60,4495,6060,10557,509,1109,1623,435,1129,1562,178,442,627,1058,2778,3840,7,16,23,2191,5474,7669,6695,11555,18252,477,499,975,850,1465,2312,30,21,50,1354,1986,3339,32351,24135,56491,83861,79382,163242
59499,22,18,41,94,92,181,13,7,22,23,17,35,121,114,243,39,47,83,4,3,6,9,4,19,51,55,109,13,11,16,9,18,33,11,6,15,7,25,34,0,0,0,44,59,99,14,25,42,13,17,31,0,3,9,15,25,46,3,0,3,52,68,122,96,130,224,16,16,32,7,16,23,0,0,4,23,34,55,2227,1260,3489,2535,1623,4160
59799,0,0,0,0,0,0,0,0,0,0,0,0,0,0,0,0,0,0,0,0,0,0,0,0,0,0,0,0,0,0,0,0,0,0,0,0,7,0,7,0,0,0,4,0,5,0,0,0,0,0,0,0,0,0,3,0,6,0,0,0,9,0,8,13,0,17,0,0,0,0,0,3,0,0,0,0,0,3,193,20,219,209,28,237
6GHOB,1662,1564,3223,7234,6525,13759,2131,2278,4409,1131,1133,2266,10508,9944,20455,4083,3779,7860,1822,2003,3823,1481,1383,2864,7391,7173,14563,541,517,1054,1262,1288,2556,832,456,1291,1423,1449,2875,19,13,37,4072,3733,7808,1984,2399,4382,1569,1855,3421,300,416,716,1255,2295,3546,14,9,21,5116,6972,12087,9203,10719,19923,507,573,1084,511,815,1327,19,8,29,1036,1400,2437,6083,5674,11754,35883,36475,72355
6RTAS,1661,1598,3260,9314,8890,18205,2055,1928,3980,1249,1262,2508,12621,12081,24708,5954,5725,11679,1622,1666,3287,1318,1263,2582,8899,8668,17569,495,536,1031,570,757,1328,1067,645,1714,1191,1602,2795,27,20,47,3357,3559,6913,986,1550,2539,738,1120,1856,194,351,542,890,1845,2732,7,17,23,2816,4878,7690,6172,8453,14623,503,504,1003,481,841,1320,20,21,39,1001,1364,2361,9651,9145,18797,40006,41312,81322
69499,9,5,9,27,15,41,3,0,4,0,3,3,28,18,53,8,19,30,4,0,7,0,0,3,13,19,33,6,0,9,0,4,4,8,9,9,3,8,9,0,0,0,21,23,35,0,4,3,8,3,9,0,4,0,4,16,14,0,0,0,13,22,32,30,39,68,0,0,0,0,9,8,0,0,5,0,10,13,210,130,337,296,223,519
69799,0,0,0,0,0,0,0,0,0,0,0,0,0,0,0,0,0,0,0,0,0,0,0,0,0,0,0,0,0,0,0,0,0,0,0,0,0,0,0,0,0,0,0,0,0,0,0,0,0,0,0,0,0,0,0,0,0,0,0,0,0,0,0,0,0,0,0,0,0,0,0,0,0,0,0,0,0,0,3,0,3,3,0,3
7GDAR,1350,1272,2621,4626,4401,9030,699,705,1401,774,844,1616,6113,5952,12064,2791,2804,5590,744,701,1444,796,811,1604,4333,4317,8648,172,141,312,331,352,680,308,229,532,620,982,1602,11,5,10,1431,1706,3134,675,950,1628,796,1250,2043,213,364,579,971,2049,3020,8,11,18,2665,4622,7288,4106,6334,10440,347,364,706,357,669,1023,5,7,16,709,1038,1746,7411,5686,13102,24018,24608,48624
7RNTE,853,764,1619,3788,3422,7210,588,566,1156,362,365,728,4746,4358,9110,1628,1584,3215,381,412,794,505,431,934,2514,2424,4935,41,31,78,65,82,144,109,86,202,266,421,681,5,4,8,481,624,1106,60,117,179,121,246,370,34,103,137,392,806,1195,4,6,10,610,1275,1881,1093,1904,2995,100,100,199,131,221,348,8,12,20,238,327,567,5569,4380,9948,15011,14165,29177
79499,5,8,14,56,38,101,0,0,3,13,7,27,77,57,132,12,16,26,3,0,3,10,11,17,26,24,48,0,0,0,0,0,0,0,3,4,4,8,15,0,0,0,9,11,21,0,0,4,13,4,16,0,0,0,4,15,25,0,0,0,20,24,46,20,39,68,11,8,22,0,6,6,0,0,0,12,10,26,643,579,1224,793,709,1503
79799,0,0,0,0,0,0,0,0,0,0,0,0,0,0,0,0,0,0,0,0,0,0,0,0,0,0,0,0,0,0,0,0,0,0,0,0,0,0,0,0,0,0,0,0,0,0,0,0,0,0,0,0,0,0,0,0,0,0,0,0,0,0,0,3,0,3,0,0,0,0,0,0,0,0,0,0,0,0,20,0,23,22,0,22
8ACTE,4604,4236,8837,12985,12045,25029,4517,4212,8725,2180,2264,4442,19702,18545,38251,8459,7690,16158,3652,3461,7118,2232,2403,4632,14353,13576,27930,720,660,1382,1064,1137,2198,1558,964,2518,2465,3222,5689,19,14,30,5833,5992,11821,7624,9093,16718,3185,3511,6698,1135,1474,2619,4248,5894,10141,28,25,61,16224,20007,36225,22083,26026,48106,1053,938,1991,1629,2107,3735,11,22,28,2693,3062,5757,9537,8566,18113,72976,74013,146989
89499,3,0,8,6,5,9,0,0,0,0,0,0,6,5,9,9,23,36,0,0,5,0,0,0,11,25,37,0,4,8,0,0,3,0,0,0,3,4,7,0,0,0,9,14,21,11,6,21,4,4,9,3,5,5,0,0,8,0,0,0,14,18,35,23,31,54,0,0,0,3,6,5,0,0,0,3,6,4,97,36,131,148,104,248
89799,0,0,0,0,0,0,0,0,0,0,0,0,0,0,0,0,0,0,0,0,0,0,0,0,0,0,0,0,0,0,0,0,0,0,0,0,0,0,0,0,0,0,0,0,0,0,0,0,0,0,0,0,0,0,0,0,0,0,0,0,0,0,0,0,0,0,0,0,0,0,0,0,0,0,0,0,0,0,0,0,0,0,0,0
9OTER,46,33,81,185,167,358,0,0,0,0,0,0,189,167,353,116,110,230,0,5,4,0,0,3,116,119,234,4,0,7,5,3,7,9,10,17,16,28,41,0,0,0,33,38,72,0,8,11,0,6,6,0,10,5,8,16,28,0,0,3,20,37,57,52,80,131,4,0,4,3,14,16,0,0,0,9,12,19,579,321,901,995,732,1722
99499,0,0,0,0,0,0,0,0,0,0,0,0,0,0,0,0,0,0,0,0,0,0,0,0,0,0,0,0,0,0,0,0,0,0,0,0,0,0,0,0,0,0,0,0,0,0,0,0,0,0,0,0,0,0,0,0,0,0,0,0,0,0,0,0,0,0,0,0,0,0,0,0,0,0,0,0,0,0,3,0,3,0,0,0
99799,0,0,0,0,0,0,0,0,0,0,0,0,0,0,0,0,0,0,0,0,0,0,0,0,0,0,0,0,0,0,0,0,0,0,0,0,0,0,0,0,0,0,0,0,0,0,0,0,0,0,0,0,0,0,0,0,0,0,0,0,0,0,0,0,0,0,0,0,0,0,0,0,0,0,0,0,0,0,0,0,0,0,0,0
